[
  { "id": 0,
    "animation": "card",
    "description": "Lorem ipsum dolor sit amet, consectetur adipiscing elit. Nunc suscipit ut dolor non ultrices. Fusce lacus magna, efficitur non imperdiet vel, accumsan sit amet quam. Fusce tincidunt metus purus, ac mollis odio bibendum a. Phasellus lacinia venenatis dolor, vel aliquet eros lacinia sed. Cras tortor ipsum, condimentum eu purus quis, feugiat porttitor dui. Duis id pulvinar diam. Donec vel velit at massa iaculis iaculis sit amet ac nibh. Sed ac augue mollis, ultrices tellus ut, porta lectus. Nulla ac feugiat libero. Nullam accumsan eu libero eu consectetur. Aliquam erat volutpat. Cras eget ipsum enim. Maecenas aliquet nisi at arcu iaculis, id hendrerit dui viverra." 
  },
  { "id": 1,
    "animation": "card",
    "description": "Lorem ipsum dolor sit amet, consectetur adipiscing elit. Nunc suscipit ut dolor non ultrices. Fusce lacus magna, efficitur non imperdiet vel, accumsan sit amet quam. Fusce tincidunt metus purus, ac mollis odio bibendum a. Phasellus lacinia venenatis dolor, vel aliquet eros lacinia sed. Cras tortor ipsum, condimentum eu purus quis, feugiat porttitor dui. Duis id pulvinar diam. Donec vel velit at massa iaculis iaculis sit amet ac nibh. Sed ac augue mollis, ultrices tellus ut, porta lectus. Nulla ac feugiat libero. Nullam accumsan eu libero eu consectetur. Aliquam erat volutpat. Cras eget ipsum enim. Maecenas aliquet nisi at arcu iaculis, id hendrerit dui viverra."
   },
  { "id": 2,
    "animation": "card",
    "description": "Lorem ipsum dolor sit amet, consectetur adipiscing elit. Nunc suscipit ut dolor non ultrices. Fusce lacus magna, efficitur non imperdiet vel, accumsan sit amet quam. Fusce tincidunt metus purus, ac mollis odio bibendum a. Phasellus lacinia venenatis dolor, vel aliquet eros lacinia sed. Cras tortor ipsum, condimentum eu purus quis, feugiat porttitor dui. Duis id pulvinar diam. Donec vel velit at massa iaculis iaculis sit amet ac nibh. Sed ac augue mollis, ultrices tellus ut, porta lectus. Nulla ac feugiat libero. Nullam accumsan eu libero eu consectetur. Aliquam erat volutpat. Cras eget ipsum enim. Maecenas aliquet nisi at arcu iaculis, id hendrerit dui viverra."
   },
  { "id": 3,
    "animation": "card",
    "description": "Lorem ipsum dolor sit amet, consectetur adipiscing elit. Nunc suscipit ut dolor non ultrices. Fusce lacus magna, efficitur non imperdiet vel, accumsan sit amet quam. Fusce tincidunt metus purus, ac mollis odio bibendum a. Phasellus lacinia venenatis dolor, vel aliquet eros lacinia sed. Cras tortor ipsum, condimentum eu purus quis, feugiat porttitor dui. Duis id pulvinar diam. Donec vel velit at massa iaculis iaculis sit amet ac nibh. Sed ac augue mollis, ultrices tellus ut, porta lectus. Nulla ac feugiat libero. Nullam accumsan eu libero eu consectetur. Aliquam erat volutpat. Cras eget ipsum enim. Maecenas aliquet nisi at arcu iaculis, id hendrerit dui viverra."
   },
  { "id": 4,
    "animation": "card",
    "description": "Lorem ipsum dolor sit amet, consectetur adipiscing elit. Nunc suscipit ut dolor non ultrices. Fusce lacus magna, efficitur non imperdiet vel, accumsan sit amet quam. Fusce tincidunt metus purus, ac mollis odio bibendum a. Phasellus lacinia venenatis dolor, vel aliquet eros lacinia sed. Cras tortor ipsum, condimentum eu purus quis, feugiat porttitor dui. Duis id pulvinar diam. Donec vel velit at massa iaculis iaculis sit amet ac nibh. Sed ac augue mollis, ultrices tellus ut, porta lectus. Nulla ac feugiat libero. Nullam accumsan eu libero eu consectetur. Aliquam erat volutpat. Cras eget ipsum enim. Maecenas aliquet nisi at arcu iaculis, id hendrerit dui viverra."
   },
  { "id": 5,
    "animation": "card",
    "description": "Lorem ipsum dolor sit amet, consectetur adipiscing elit. Nunc suscipit ut dolor non ultrices. Fusce lacus magna, efficitur non imperdiet vel, accumsan sit amet quam. Fusce tincidunt metus purus, ac mollis odio bibendum a. Phasellus lacinia venenatis dolor, vel aliquet eros lacinia sed. Cras tortor ipsum, condimentum eu purus quis, feugiat porttitor dui. Duis id pulvinar diam. Donec vel velit at massa iaculis iaculis sit amet ac nibh. Sed ac augue mollis, ultrices tellus ut, porta lectus. Nulla ac feugiat libero. Nullam accumsan eu libero eu consectetur. Aliquam erat volutpat. Cras eget ipsum enim. Maecenas aliquet nisi at arcu iaculis, id hendrerit dui viverra."
   },
   { "id": 6,
    "animation": "card",
    "description": "Lorem ipsum dolor sit amet, consectetur adipiscing elit. Nunc suscipit ut dolor non ultrices. Fusce lacus magna, efficitur non imperdiet vel, accumsan sit amet quam. Fusce tincidunt metus purus, ac mollis odio bibendum a. Phasellus lacinia venenatis dolor, vel aliquet eros lacinia sed. Cras tortor ipsum, condimentum eu purus quis, feugiat porttitor dui. Duis id pulvinar diam. Donec vel velit at massa iaculis iaculis sit amet ac nibh. Sed ac augue mollis, ultrices tellus ut, porta lectus. Nulla ac feugiat libero. Nullam accumsan eu libero eu consectetur. Aliquam erat volutpat. Cras eget ipsum enim. Maecenas aliquet nisi at arcu iaculis, id hendrerit dui viverra." 
  },
  { "id": 7,
    "animation": "card",
    "description": "Lorem ipsum dolor sit amet, consectetur adipiscing elit. Nunc suscipit ut dolor non ultrices. Fusce lacus magna, efficitur non imperdiet vel, accumsan sit amet quam. Fusce tincidunt metus purus, ac mollis odio bibendum a. Phasellus lacinia venenatis dolor, vel aliquet eros lacinia sed. Cras tortor ipsum, condimentum eu purus quis, feugiat porttitor dui. Duis id pulvinar diam. Donec vel velit at massa iaculis iaculis sit amet ac nibh. Sed ac augue mollis, ultrices tellus ut, porta lectus. Nulla ac feugiat libero. Nullam accumsan eu libero eu consectetur. Aliquam erat volutpat. Cras eget ipsum enim. Maecenas aliquet nisi at arcu iaculis, id hendrerit dui viverra."
   },
  { "id": 8,
    "animation": "card",
    "description": "Lorem ipsum dolor sit amet, consectetur adipiscing elit. Nunc suscipit ut dolor non ultrices. Fusce lacus magna, efficitur non imperdiet vel, accumsan sit amet quam. Fusce tincidunt metus purus, ac mollis odio bibendum a. Phasellus lacinia venenatis dolor, vel aliquet eros lacinia sed. Cras tortor ipsum, condimentum eu purus quis, feugiat porttitor dui. Duis id pulvinar diam. Donec vel velit at massa iaculis iaculis sit amet ac nibh. Sed ac augue mollis, ultrices tellus ut, porta lectus. Nulla ac feugiat libero. Nullam accumsan eu libero eu consectetur. Aliquam erat volutpat. Cras eget ipsum enim. Maecenas aliquet nisi at arcu iaculis, id hendrerit dui viverra."
   },
  { "id": 9,
    "animation": "card",
    "description": "Lorem ipsum dolor sit amet, consectetur adipiscing elit. Nunc suscipit ut dolor non ultrices. Fusce lacus magna, efficitur non imperdiet vel, accumsan sit amet quam. Fusce tincidunt metus purus, ac mollis odio bibendum a. Phasellus lacinia venenatis dolor, vel aliquet eros lacinia sed. Cras tortor ipsum, condimentum eu purus quis, feugiat porttitor dui. Duis id pulvinar diam. Donec vel velit at massa iaculis iaculis sit amet ac nibh. Sed ac augue mollis, ultrices tellus ut, porta lectus. Nulla ac feugiat libero. Nullam accumsan eu libero eu consectetur. Aliquam erat volutpat. Cras eget ipsum enim. Maecenas aliquet nisi at arcu iaculis, id hendrerit dui viverra."
   },
  { "id": 10,
    "animation": "card",
    "description": "Lorem ipsum dolor sit amet, consectetur adipiscing elit. Nunc suscipit ut dolor non ultrices. Fusce lacus magna, efficitur non imperdiet vel, accumsan sit amet quam. Fusce tincidunt metus purus, ac mollis odio bibendum a. Phasellus lacinia venenatis dolor, vel aliquet eros lacinia sed. Cras tortor ipsum, condimentum eu purus quis, feugiat porttitor dui. Duis id pulvinar diam. Donec vel velit at massa iaculis iaculis sit amet ac nibh. Sed ac augue mollis, ultrices tellus ut, porta lectus. Nulla ac feugiat libero. Nullam accumsan eu libero eu consectetur. Aliquam erat volutpat. Cras eget ipsum enim. Maecenas aliquet nisi at arcu iaculis, id hendrerit dui viverra."
   },
  { "id": 11,
    "animation": "card",
    "description": "Lorem ipsum dolor sit amet, consectetur adipiscing elit. Nunc suscipit ut dolor non ultrices. Fusce lacus magna, efficitur non imperdiet vel, accumsan sit amet quam. Fusce tincidunt metus purus, ac mollis odio bibendum a. Phasellus lacinia venenatis dolor, vel aliquet eros lacinia sed. Cras tortor ipsum, condimentum eu purus quis, feugiat porttitor dui. Duis id pulvinar diam. Donec vel velit at massa iaculis iaculis sit amet ac nibh. Sed ac augue mollis, ultrices tellus ut, porta lectus. Nulla ac feugiat libero. Nullam accumsan eu libero eu consectetur. Aliquam erat volutpat. Cras eget ipsum enim. Maecenas aliquet nisi at arcu iaculis, id hendrerit dui viverra."
   },
   { "id": 12,
    "animation": "card",
    "description": "Lorem ipsum dolor sit amet, consectetur adipiscing elit. Nunc suscipit ut dolor non ultrices. Fusce lacus magna, efficitur non imperdiet vel, accumsan sit amet quam. Fusce tincidunt metus purus, ac mollis odio bibendum a. Phasellus lacinia venenatis dolor, vel aliquet eros lacinia sed. Cras tortor ipsum, condimentum eu purus quis, feugiat porttitor dui. Duis id pulvinar diam. Donec vel velit at massa iaculis iaculis sit amet ac nibh. Sed ac augue mollis, ultrices tellus ut, porta lectus. Nulla ac feugiat libero. Nullam accumsan eu libero eu consectetur. Aliquam erat volutpat. Cras eget ipsum enim. Maecenas aliquet nisi at arcu iaculis, id hendrerit dui viverra." 
  },
  { "id": 13,
    "animation": "card",
    "description": "Lorem ipsum dolor sit amet, consectetur adipiscing elit. Nunc suscipit ut dolor non ultrices. Fusce lacus magna, efficitur non imperdiet vel, accumsan sit amet quam. Fusce tincidunt metus purus, ac mollis odio bibendum a. Phasellus lacinia venenatis dolor, vel aliquet eros lacinia sed. Cras tortor ipsum, condimentum eu purus quis, feugiat porttitor dui. Duis id pulvinar diam. Donec vel velit at massa iaculis iaculis sit amet ac nibh. Sed ac augue mollis, ultrices tellus ut, porta lectus. Nulla ac feugiat libero. Nullam accumsan eu libero eu consectetur. Aliquam erat volutpat. Cras eget ipsum enim. Maecenas aliquet nisi at arcu iaculis, id hendrerit dui viverra."
   },
  { "id": 14,
    "animation": "card",
    "description": "Lorem ipsum dolor sit amet, consectetur adipiscing elit. Nunc suscipit ut dolor non ultrices. Fusce lacus magna, efficitur non imperdiet vel, accumsan sit amet quam. Fusce tincidunt metus purus, ac mollis odio bibendum a. Phasellus lacinia venenatis dolor, vel aliquet eros lacinia sed. Cras tortor ipsum, condimentum eu purus quis, feugiat porttitor dui. Duis id pulvinar diam. Donec vel velit at massa iaculis iaculis sit amet ac nibh. Sed ac augue mollis, ultrices tellus ut, porta lectus. Nulla ac feugiat libero. Nullam accumsan eu libero eu consectetur. Aliquam erat volutpat. Cras eget ipsum enim. Maecenas aliquet nisi at arcu iaculis, id hendrerit dui viverra."
   },
  { "id": 15,
    "animation": "card",
    "description": "Lorem ipsum dolor sit amet, consectetur adipiscing elit. Nunc suscipit ut dolor non ultrices. Fusce lacus magna, efficitur non imperdiet vel, accumsan sit amet quam. Fusce tincidunt metus purus, ac mollis odio bibendum a. Phasellus lacinia venenatis dolor, vel aliquet eros lacinia sed. Cras tortor ipsum, condimentum eu purus quis, feugiat porttitor dui. Duis id pulvinar diam. Donec vel velit at massa iaculis iaculis sit amet ac nibh. Sed ac augue mollis, ultrices tellus ut, porta lectus. Nulla ac feugiat libero. Nullam accumsan eu libero eu consectetur. Aliquam erat volutpat. Cras eget ipsum enim. Maecenas aliquet nisi at arcu iaculis, id hendrerit dui viverra."
   },
  { "id": 16,
    "animation": "card",
    "description": "Lorem ipsum dolor sit amet, consectetur adipiscing elit. Nunc suscipit ut dolor non ultrices. Fusce lacus magna, efficitur non imperdiet vel, accumsan sit amet quam. Fusce tincidunt metus purus, ac mollis odio bibendum a. Phasellus lacinia venenatis dolor, vel aliquet eros lacinia sed. Cras tortor ipsum, condimentum eu purus quis, feugiat porttitor dui. Duis id pulvinar diam. Donec vel velit at massa iaculis iaculis sit amet ac nibh. Sed ac augue mollis, ultrices tellus ut, porta lectus. Nulla ac feugiat libero. Nullam accumsan eu libero eu consectetur. Aliquam erat volutpat. Cras eget ipsum enim. Maecenas aliquet nisi at arcu iaculis, id hendrerit dui viverra."
   },
  { "id": 17,
    "animation": "card",
    "description": "Lorem ipsum dolor sit amet, consectetur adipiscing elit. Nunc suscipit ut dolor non ultrices. Fusce lacus magna, efficitur non imperdiet vel, accumsan sit amet quam. Fusce tincidunt metus purus, ac mollis odio bibendum a. Phasellus lacinia venenatis dolor, vel aliquet eros lacinia sed. Cras tortor ipsum, condimentum eu purus quis, feugiat porttitor dui. Duis id pulvinar diam. Donec vel velit at massa iaculis iaculis sit amet ac nibh. Sed ac augue mollis, ultrices tellus ut, porta lectus. Nulla ac feugiat libero. Nullam accumsan eu libero eu consectetur. Aliquam erat volutpat. Cras eget ipsum enim. Maecenas aliquet nisi at arcu iaculis, id hendrerit dui viverra."
   }
]